<?xml version="1.0" encoding="UTF-8"?>
<project version="4">
  <component name="BookmarksTool">
    <option name="myTreeState">
      <TreeState />
    </option>
  </component>
  <component name="ChangeListManager">
    <list default="true" id="b671d84c-3057-455e-a3ef-ad5c4910223e" name="Default Changelist" comment="">
      <change beforePath="$PROJECT_DIR$/ISO21434/models/Catalog.mps" beforeDir="false" afterPath="$PROJECT_DIR$/ISO21434/models/Catalog.mps" afterDir="false" />
      <change beforePath="$PROJECT_DIR$/ISO21434/source_gen.caches/MethodConfiguration/generated" beforeDir="false" afterPath="$PROJECT_DIR$/ISO21434/source_gen.caches/MethodConfiguration/generated" afterDir="false" />
      <change beforePath="$PROJECT_DIR$/Infotainment_Firmware_Update_Feature/models/Infotainment_Firmware_Update_Feature.mps" beforeDir="false" afterPath="$PROJECT_DIR$/Infotainment_Firmware_Update_Feature/models/Infotainment_Firmware_Update_Feature.mps" afterDir="false" />
    </list>
    <option name="SHOW_DIALOG" value="false" />
    <option name="HIGHLIGHT_CONFLICTS" value="true" />
    <option name="HIGHLIGHT_NON_ACTIVE_CHANGELIST" value="false" />
    <option name="LAST_RESOLUTION" value="IGNORE" />
  </component>
  <component name="ConceptEditorHintSettings">
    <option name="enabledHints">
      <set>
        <option value="com.moraad.core.editor.SecurityAnalystEditorHints_Main.secAnalyst" />
        <option value="de.itemis.mps.editor.freetext.editor.FT_EditorHints.nonEditingMode" />
        <option value="de.itemis.mps.todos.editor.Show Todos.show_todos" />
        <option value="de.slisson.mps.conditionalEditor.hints.editor.conditionalEditorHints.conditionalEditor" />
        <option value="de.slisson.mps.conditionalEditor.hints.editor.conditionalEditorHints.conditionalEditor_doNotUseThisHint" />
      </set>
    </option>
  </component>
  <component name="ConsoleHistory">
    <option name="tabs">
      <list>
        <TabState>
          <option name="title" value="Console" />
          <tab>
            <model ref="db3eb178-9b89-409a-8be0-55e49570e2b9/r:16d0c01c-aef9-4549-a473-995d9bf3cb42(TempModuledb3eb178-9b89-409a-8be0-55e49570e2b9/ConsoleModel_10006902827400)">
              <persistence version="9" />
              <languages>
                <devkit ref="70d3d6da-af63-483d-a75f-9c8acf8de332(jetbrains.mps.console.devkit)" />
              </languages>
              <imports />
              <registry>
                <language id="de1ad86d-6e50-4a02-b306-d4d17f64c375" name="jetbrains.mps.console.base">
                  <concept id="1583916890557930028" name="jetbrains.mps.console.base.structure.ConsoleRoot" flags="ng" index="aymSD">
                    <child id="1583916890557930415" name="history" index="aymYE" />
                    <child id="1583916890557930417" name="commandHolder" index="aymYO" />
                    <child id="9025248442620242919" name="cursor" index="1PhJh3" />
                  </concept>
                  <concept id="5758176878586720817" name="jetbrains.mps.console.base.structure.CommandHolderRef" flags="ng" index="2_V_lH">
                    <reference id="5758176878586720818" name="target" index="2_V_lI" />
                  </concept>
                  <concept id="351968380916615243" name="jetbrains.mps.console.base.structure.CommandHolder" flags="ng" index="2Clz$F" />
                  <concept id="757553790980850366" name="jetbrains.mps.console.base.structure.History" flags="ng" index="3balQm" />
                </language>
              </registry>
              <node concept="aymSD" id="BBoZrGzeoB">
                <node concept="3balQm" id="BBoZrGzeoC" role="aymYE" />
                <node concept="2Clz$F" id="BBoZrGzeoD" role="aymYO" />
                <node concept="2_V_lH" id="BBoZrGzeoE" role="1PhJh3">
                  <ref role="2_V_lI" node="BBoZrGzeoD" resolve="CommandHolder" />
                </node>
              </node>
            </model>
          </tab>
        </TabState>
      </list>
    </option>
  </component>
  <component name="DefaultSearchOptions3">
    <search_options>
      <finders>
        <finders />
      </finders>
      <scope>
        <scope_type scope_type="PROJECT" module="&lt;default&gt;" model="&lt;default&gt;" />
      </scope>
      <view>
        <flags show_one_result="true" new_tab="false" />
      </view>
    </search_options>
  </component>
  <component name="Git.Settings">
    <option name="RECENT_GIT_ROOT_PATH" value="$PROJECT_DIR$" />
    <option name="UPDATE_TYPE" value="MERGE" />
  </component>
  <component name="GithubPullRequestsUISettings">
    <option name="hiddenUrls">
      <set>
        <option value="https://github.com/mmoseritemis/InfotainmentSystem.git" />
      </set>
    </option>
  </component>
  <component name="MPSBookmarkManager">
    <option name="myBookmarkInfos">
      <array>
        <BookmarkInfo />
        <BookmarkInfo />
        <BookmarkInfo />
        <BookmarkInfo />
        <BookmarkInfo />
        <BookmarkInfo />
        <BookmarkInfo />
        <BookmarkInfo />
        <BookmarkInfo />
        <BookmarkInfo />
      </array>
    </option>
  </component>
  <component name="MessagesViewTool">
    <option name="defaultListState">
      <MessageListState>
        <option name="autoscrollToSource" value="true" />
        <option name="info" value="true" />
        <option name="warnings" value="true" />
      </MessageListState>
    </option>
  </component>
  <component name="NodeEditorSearchHistory">
    <option name="searches">
      <list>
        <option value="firmware" />
        <option value="rad" />
        <option value="radio" />
        <option value="module" />
      </list>
    </option>
  </component>
  <component name="ProjectId" id="2MnBl4hKJBzLQysFEbD4W2Ng630" />
  <component name="ProjectPluginManager">
    <option name="pluginsState">
      <option name="com.mbeddr.core.base.pluginSolution.plugin.PluginSolution_ProjectPlugin">
        <value>
          <PluginState />
        </value>
      </option>
      <option name="com.mbeddr.doc.aspect.ui.plugin.Ui_ProjectPlugin">
        <value>
          <PluginState />
        </value>
      </option>
      <option name="com.mbeddr.doc.pluginSolution.plugin.PluginSolution_ProjectPlugin">
        <value>
          <PluginState />
        </value>
      </option>
      <option name="com.mbeddr.mpsutil.asynccell.plugin.Asynccell_ProjectPlugin">
        <value>
          <PluginState />
        </value>
      </option>
      <option name="com.mbeddr.mpsutil.contextactions.runtime.plugin.Runtime_ProjectPlugin">
        <value>
          <PluginState />
        </value>
      </option>
      <option name="com.mbeddr.mpsutil.editingGuide.execution.plugin.Execution_ProjectPlugin">
        <value>
          <PluginState />
        </value>
      </option>
      <option name="com.mbeddr.mpsutil.graphstream.runtime.plugin.Runtime_ProjectPlugin">
        <value>
          <PluginState />
        </value>
      </option>
      <option name="com.mbeddr.mpsutil.hyperlink.plugin.Hyperlink_ProjectPlugin">
        <value>
          <PluginState />
        </value>
      </option>
      <option name="com.mbeddr.mpsutil.intentions.runtime.plugin.Runtime_ProjectPlugin">
        <value>
          <PluginState />
        </value>
      </option>
      <option name="com.mbeddr.mpsutil.jfreechart.runtime.plugin.Runtime_ProjectPlugin">
        <value>
          <PluginState />
        </value>
      </option>
      <option name="com.mbeddr.mpsutil.jung.pluginSolution.plugin.PluginSolution_ProjectPlugin">
        <value>
          <PluginState />
        </value>
      </option>
      <option name="com.mbeddr.mpsutil.plantuml.pluginSolution.plugin.PluginSolution_ProjectPlugin">
        <value>
          <PluginState />
        </value>
      </option>
      <option name="com.mbeddr.mpsutil.projectview.runtime.plugin.Runtime_ProjectPlugin">
        <value>
          <PluginState />
        </value>
      </option>
      <option name="com.mbeddr.mpsutil.projectview.vcs.plugin.Vcs_ProjectPlugin">
        <value>
          <PluginState />
        </value>
      </option>
      <option name="com.mbeddr.mpsutil.traceExplorer.plugin.TraceExplorer_ProjectPlugin">
        <value>
          <PluginState />
        </value>
      </option>
      <option name="com.mbeddr.mpsutil.userstyles.runtime.plugin.Runtime_ProjectPlugin">
        <value>
          <PluginState />
        </value>
      </option>
      <option name="com.moraad.application.plugin.Application_ProjectPlugin">
        <value>
          <PluginState />
        </value>
      </option>
      <option name="com.moraad.ide.preferences.plugin.Preferences_ProjectPlugin">
        <value>
          <PluginState>
            <option name="myComponentsState">
              <list>
                <ComponentState>
                  <option name="first" value="com.moraad.ide.preferences.plugin.PreferenceStorage_PreferencesComponent" />
                  <params>
                    <option name="preferenceModel">
                      <PreferenceModel>
                        <option name="importDialogFolderPath" />
                        <option name="ColorDamageScenario" value="E4F2F7" />
                        <option name="ColorSecGoal" value="CCF2FF" />
                        <option name="ColorThreatScenario" value="CCF2FF" />
                        <option name="ColorThreat" value="FFEBCC" />
                        <option name="ColorControl" value="DCFFCC" />
                        <option name="ColorAssumption" value="CBD4C7" />
                        <option name="ColorRisk" value="FFFFAD" />
                        <option name="ShowHelpNotice" value="false" />
                        <option name="showLicenseExpiratioNotice" value="true" />
                        <option name="CountPathsInGraphing" value="false" />
                        <option name="DontBuildIfMorePathsThan" value="1500000" />
                        <option name="DisableAEDTPathOptimization" value="false" />
                        <option name="ImportDialogFolder" />
                        <option name="ExcelImportServiceURL" />
                        <option name="IPPDebuggerEnabled" value="false" />
                        <option name="ThreatCatalogEndpoint" />
                        <option name="RLCalculationAlways" value="true" />
                        <option name="reduceImpactPropagationPaths" value="false" />
                      </PreferenceModel>
                    </option>
                  </params>
                </ComponentState>
              </list>
            </option>
          </PluginState>
        </value>
      </option>
      <option name="de.itemis.mps.editor.celllayout.runtime.plugin.Runtime_ProjectPlugin">
        <value>
          <PluginState />
        </value>
      </option>
      <option name="de.itemis.mps.editor.rapidfx.runtime.plugin.Runtime_ProjectPlugin">
        <value>
          <PluginState />
        </value>
      </option>
      <option name="de.itemis.mps.mouselistener.runtime.plugin.Runtime_ProjectPlugin">
        <value>
          <PluginState />
        </value>
      </option>
      <option name="de.itemis.mps.selection.runtime.plugin.Runtime_ProjectPlugin">
        <value>
          <PluginState />
        </value>
      </option>
      <option name="de.itemis.mps.tooltips.runtime.plugin.Runtime_ProjectPlugin">
        <value>
          <PluginState />
        </value>
      </option>
      <option name="de.slisson.mps.conditionalEditor.runtime.plugin.Runtime_ProjectPlugin">
        <value>
          <PluginState />
        </value>
      </option>
      <option name="jetbrains.mps.baseLanguage.lightweightdsl.pluginSolution.plugin.PluginSolution_ProjectPlugin">
        <value>
          <PluginState />
        </value>
      </option>
      <option name="jetbrains.mps.editor.contextActionsTool.pluginSolution.plugin.PluginSolution_ProjectPlugin">
        <value>
          <PluginState />
        </value>
      </option>
      <option name="jetbrains.mps.ide.actions.Ide_ProjectPlugin">
        <value>
          <PluginState>
            <option name="myComponentsState">
              <list>
                <ComponentState>
                  <option name="first" value="jetbrains.mps.ide.actions.BehaviorDialogsPersistentOptions_PreferencesComponent" />
                  <params>
                    <option name="addReturnsOnImplement" value="false" />
                    <option name="sortAlphabetically" value="false" />
                    <option name="removeAttributes" value="true" />
                  </params>
                </ComponentState>
              </list>
            </option>
          </PluginState>
        </value>
      </option>
      <option name="jetbrains.mps.ide.devkit.actions.Mpsdevkit_ProjectPlugin">
        <value>
          <PluginState />
        </value>
      </option>
      <option name="jetbrains.mps.ide.make.actions.Make_ProjectPlugin">
        <value>
          <PluginState />
        </value>
      </option>
      <option name="jetbrains.mps.vcs.mergehints.plugin.plugin.Plugin_ProjectPlugin">
        <value>
          <PluginState />
        </value>
      </option>
    </option>
  </component>
  <component name="ProjectView">
    <navigator currentView="CustomProjectView_com.moraad.application.plugin.SecA Project Explorer" proportions="" version="1" />
    <panes>
      <pane id="ProjectPane">
        <subPane>
          <SELECTED />
        </subPane>
      </pane>
      <pane id="CustomProjectView_com.moraad.application.plugin.SecA Project Explorer">
        <subPane>
          <PATH>
            <PATH_ELEMENT>
              <option name="myItemId" value="com.moraad.application.plugin.SecA Project Explorer#project#InfotainmentFeature" />
              <option name="myItemType" value="" />
            </PATH_ELEMENT>
            <PATH_ELEMENT>
              <option name="myItemId" value="com.moraad.application.plugin.SecA Project Explorer#module#ISO21434" />
              <option name="myItemType" value="" />
            </PATH_ELEMENT>
          </PATH>
          <PATH>
            <PATH_ELEMENT>
              <option name="myItemId" value="com.moraad.application.plugin.SecA Project Explorer#project#InfotainmentFeature" />
              <option name="myItemType" value="" />
            </PATH_ELEMENT>
            <PATH_ELEMENT>
              <option name="myItemId" value="com.moraad.application.plugin.SecA Project Explorer#lonelyModel#Infotainment_Firmware_Update_Feature" />
              <option name="myItemType" value="" />
            </PATH_ELEMENT>
            <PATH_ELEMENT>
              <option name="myItemId" value="Security Analysis" />
              <option name="myItemType" value="" />
            </PATH_ELEMENT>
          </PATH>
          <PATH>
            <PATH_ELEMENT>
              <option name="myItemId" value="com.moraad.application.plugin.SecA Project Explorer#project#InfotainmentFeature" />
              <option name="myItemType" value="" />
            </PATH_ELEMENT>
            <PATH_ELEMENT>
              <option name="myItemId" value="com.moraad.application.plugin.SecA Project Explorer#lonelyModel#Infotainment_Firmware_Update_Feature" />
              <option name="myItemType" value="" />
            </PATH_ELEMENT>
          </PATH>
          <PATH>
            <PATH_ELEMENT>
              <option name="myItemId" value="com.moraad.application.plugin.SecA Project Explorer#project#InfotainmentFeature" />
              <option name="myItemType" value="" />
            </PATH_ELEMENT>
            <PATH_ELEMENT>
              <option name="myItemId" value="com.moraad.application.plugin.SecA Project Explorer#lonelyModel#Infotainment_Firmware_Update_Feature" />
              <option name="myItemType" value="" />
            </PATH_ELEMENT>
            <PATH_ELEMENT>
              <option name="myItemId" value="Assistants" />
              <option name="myItemType" value="" />
            </PATH_ELEMENT>
          </PATH>
          <PATH>
            <PATH_ELEMENT>
              <option name="myItemId" value="com.moraad.application.plugin.SecA Project Explorer#project#InfotainmentFeature" />
              <option name="myItemType" value="" />
            </PATH_ELEMENT>
            <PATH_ELEMENT>
              <option name="myItemId" value="com.moraad.application.plugin.SecA Project Explorer#module#ISO21434" />
              <option name="myItemType" value="" />
            </PATH_ELEMENT>
            <PATH_ELEMENT>
              <option name="myItemId" value="com.moraad.application.plugin.SecA Project Explorer#nonLonelyModel#Catalog" />
              <option name="myItemType" value="" />
            </PATH_ELEMENT>
          </PATH>
          <PATH>
            <PATH_ELEMENT>
              <option name="myItemId" value="com.moraad.application.plugin.SecA Project Explorer#project#InfotainmentFeature" />
              <option name="myItemType" value="" />
            </PATH_ELEMENT>
          </PATH>
          <SELECTED>
            <PATH_ELEMENT>
              <option name="myItemId" value="com.moraad.application.plugin.SecA Project Explorer#project#InfotainmentFeature" />
              <option name="myItemType" value="" />
            </PATH_ELEMENT>
            <PATH_ELEMENT>
              <option name="myItemId" value="com.moraad.application.plugin.SecA Project Explorer#lonelyModel#Infotainment_Firmware_Update_Feature" />
              <option name="myItemType" value="" />
            </PATH_ELEMENT>
            <PATH_ELEMENT>
              <option name="myItemId" value="com.moraad.application.plugin.SecA Project Explorer#projectTreeContent#Risk Treatment" />
              <option name="myItemType" value="" />
            </PATH_ELEMENT>
          </SELECTED>
        </subPane>
      </pane>
      <pane id="CustomProjectView_com.moraad.application.plugin.SecA Project Explorer">
        <subPane />
      </pane>
    </panes>
  </component>
  <component name="ProjectViewState">
    <option name="hideEmptyMiddlePackages" value="true" />
    <option name="showExcludedFiles" value="true" />
    <option name="showLibraryContents" value="true" />
  </component>
  <component name="PropertiesComponent">
    <property name="ASKED_ADD_EXTERNAL_FILES" value="true" />
    <property name="RunOnceActivity.ShowReadmeOnStart" value="true" />
    <property name="last_opened_file_path" value="$USER_HOME$/Documents/Gitlab/secure-rcp" />
    <property name="settings.editor.selected.configurable" value="project.options.prefs.page" />
  </component>
  <component name="SvnConfiguration">
    <configuration>C:\Users\mattm\AppData\Roaming\Subversion</configuration>
  </component>
  <component name="TaskManager">
    <task active="true" id="Default" summary="Default task">
      <changelist id="b671d84c-3057-455e-a3ef-ad5c4910223e" name="Default Changelist" comment="" />
      <created>1678393613612</created>
      <option name="number" value="Default" />
      <option name="presentableId" value="Default" />
      <updated>1678393613612</updated>
    </task>
    <task id="LOCAL-00001" summary="22.4 Migrations">
      <created>1679426581016</created>
      <option name="number" value="00001" />
      <option name="presentableId" value="LOCAL-00001" />
      <option name="project" value="LOCAL" />
      <updated>1679426581016</updated>
    </task>
    <task id="LOCAL-00002" summary="22.4 Migrations">
      <created>1679426620327</created>
      <option name="number" value="00002" />
      <option name="presentableId" value="LOCAL-00002" />
      <option name="project" value="LOCAL" />
      <updated>1679426620327</updated>
    </task>
    <task id="LOCAL-00003" summary="Additional TC to model">
      <created>1688041543401</created>
      <option name="number" value="00003" />
      <option name="presentableId" value="LOCAL-00003" />
      <option name="project" value="LOCAL" />
      <updated>1688041543401</updated>
    </task>
    <task id="LOCAL-00004" summary="22.4 Migrations">
      <created>1688041552517</created>
      <option name="number" value="00004" />
      <option name="presentableId" value="LOCAL-00004" />
      <option name="project" value="LOCAL" />
      <updated>1688041552517</updated>
    </task>
    <option name="localTasksCounter" value="5" />
    <servers />
  </component>
  <component name="UsagesViewTool">
    <version id="1" />
    <tabs>
      <tab>
        <usage_view>
          <tree_wrapper>
            <view_options>
              <options category_option="false" module_option="true" model_option="true" root_option="true" path_option="false" count_option="true" info_option="true" view_searched_nodes_option="true" group_searched_nodes_option="true" autoscroll_option="false" />
            </view_options>
            <contents caption="" excluded="false" isresult="false" results_section="false">
              <role name="main root" />
              <child caption="Searched nodes" excluded="false" isresult="false" results_section="false">
                <instance qcn="jetbrains.mps.ide.findusages.view.treeholder.tree.nodedatatypes.SearchedNodesNodeData" />
                <role name="searched nodes" />
              </child>
              <child caption="Usages" excluded="false" isresult="false" results_section="true">
                <instance qcn="jetbrains.mps.ide.findusages.view.treeholder.tree.nodedatatypes.ResultsNodeData" />
                <role name="results" />
                <child caption="Node Usages" excluded="false" isresult="false" results_section="true" category="Node Usages" category_kind="Category">
                  <instance qcn="jetbrains.mps.ide.findusages.view.treeholder.tree.nodedatatypes.CategoryNodeData" />
                  <role name="category:Category" />
                  <child caption="Infotainment_Firmware_Update_Feature" excluded="false" isresult="false" results_section="true" module_ref="861848fa-2d65-46bd-a597-a4131d7dbe5a(Infotainment_Firmware_Update_Feature)">
                    <instance qcn="jetbrains.mps.ide.findusages.view.treeholder.tree.nodedatatypes.ModuleNodeData" />
                    <role name="module" />
                    <child caption="Infotainment_Firmware_Update_Feature" excluded="false" isresult="false" results_section="true">
                      <instance qcn="jetbrains.mps.ide.findusages.view.treeholder.tree.nodedatatypes.ModelNodeData" />
                      <role name="model" />
                      <child caption="Channels" info="" excluded="false" isresult="false" results_section="true" nodePtr="r:6b7672de-8b71-4266-a291-90689a64256c(Infotainment_Firmware_Update_Feature)/5759622431315019177" isRoot="true">
                        <instance qcn="jetbrains.mps.ide.findusages.view.treeholder.tree.nodedatatypes.NodeNodeData" />
                        <role name="root" />
                        <child caption="Ch.24: null, null [-]" info="(role: elements in: Channels)" excluded="false" isresult="false" results_section="true" nodePtr="r:6b7672de-8b71-4266-a291-90689a64256c(Infotainment_Firmware_Update_Feature)/2094716512137517908">
                          <instance qcn="jetbrains.mps.ide.findusages.view.treeholder.tree.nodedatatypes.NodeNodeData" />
                          <role name="root to target" />
                          <child caption="&lt;no target&gt;" info="(role: endPoints in: Ch.24: null, null [-])" excluded="false" isresult="true" results_section="true" nodePtr="r:6b7672de-8b71-4266-a291-90689a64256c(Infotainment_Firmware_Update_Feature)/2094716512137517911">
                            <instance qcn="jetbrains.mps.ide.findusages.view.treeholder.tree.nodedatatypes.NodeNodeData" />
                            <role name="target" />
                          </child>
                        </child>
                      </child>
                      <model uid="r:6b7672de-8b71-4266-a291-90689a64256c(Infotainment_Firmware_Update_Feature)" />
                    </child>
                  </child>
                </child>
              </child>
            </contents>
          </tree_wrapper>
        </usage_view>
      </tab>
      <tab>
        <usage_view>
          <tree_wrapper>
            <view_options>
              <options category_option="false" module_option="true" model_option="true" root_option="true" path_option="false" count_option="true" info_option="true" view_searched_nodes_option="true" group_searched_nodes_option="true" autoscroll_option="false" />
            </view_options>
            <contents caption="" excluded="false" isresult="false" results_section="false">
              <role name="main root" />
              <child caption="Searched nodes" excluded="false" isresult="false" results_section="false">
                <instance qcn="jetbrains.mps.ide.findusages.view.treeholder.tree.nodedatatypes.SearchedNodesNodeData" />
                <role name="searched nodes" />
              </child>
              <child caption="Usages" excluded="false" isresult="false" results_section="true">
                <instance qcn="jetbrains.mps.ide.findusages.view.treeholder.tree.nodedatatypes.ResultsNodeData" />
                <role name="results" />
                <child caption="Node Usages" excluded="false" isresult="false" results_section="true" category="Node Usages" category_kind="Category">
                  <instance qcn="jetbrains.mps.ide.findusages.view.treeholder.tree.nodedatatypes.CategoryNodeData" />
                  <role name="category:Category" />
                  <child caption="Infotainment_Firmware_Update_Feature" excluded="false" isresult="false" results_section="true" module_ref="861848fa-2d65-46bd-a597-a4131d7dbe5a(Infotainment_Firmware_Update_Feature)">
                    <instance qcn="jetbrains.mps.ide.findusages.view.treeholder.tree.nodedatatypes.ModuleNodeData" />
                    <role name="module" />
                    <child caption="Infotainment_Firmware_Update_Feature" excluded="false" isresult="false" results_section="true">
                      <instance qcn="jetbrains.mps.ide.findusages.view.treeholder.tree.nodedatatypes.ModelNodeData" />
                      <role name="model" />
                      <child caption="Threat Scenario Identification" info="" excluded="false" isresult="false" results_section="true" nodePtr="r:6b7672de-8b71-4266-a291-90689a64256c(Infotainment_Firmware_Update_Feature)/5759622431321968548" isRoot="true">
                        <instance qcn="jetbrains.mps.ide.findusages.view.treeholder.tree.nodedatatypes.NodeNodeData" />
                        <role name="root" />
                        <child caption="&lt;no target&gt;" info="(role: actingThreatScenarios in: Removal Suggestion)" excluded="false" isresult="true" results_section="true" nodePtr="r:6b7672de-8b71-4266-a291-90689a64256c(Infotainment_Firmware_Update_Feature)/713648978143364816">
                          <instance qcn="jetbrains.mps.ide.findusages.view.treeholder.tree.nodedatatypes.NodeNodeData" />
                          <role name="target" />
                        </child>
                        <child caption="&lt;no target&gt;" info="(role: actingThreatScenarios in: Accepted Suggestion)" excluded="false" isresult="true" results_section="true" nodePtr="r:6b7672de-8b71-4266-a291-90689a64256c(Infotainment_Firmware_Update_Feature)/713648978143355173">
                          <instance qcn="jetbrains.mps.ide.findusages.view.treeholder.tree.nodedatatypes.NodeNodeData" />
                          <role name="target" />
                        </child>
                      </child>
                      <model uid="r:6b7672de-8b71-4266-a291-90689a64256c(Infotainment_Firmware_Update_Feature)" />
                    </child>
                  </child>
                </child>
              </child>
            </contents>
          </tree_wrapper>
        </usage_view>
      </tab>
    </tabs>
    <default_view_options>
      <options category_option="false" module_option="true" model_option="true" root_option="true" path_option="false" count_option="true" info_option="true" view_searched_nodes_option="true" group_searched_nodes_option="true" autoscroll_option="false" />
    </default_view_options>
  </component>
  <component name="Vcs.Log.Tabs.Properties">
    <option name="TAB_STATES">
      <map>
        <entry key="MAIN">
          <value>
            <State>
              <option name="COLUMN_ORDER" />
            </State>
          </value>
        </entry>
      </map>
    </option>
  </component>
  <component name="VcsManagerConfiguration">
    <MESSAGE value="Additional TC to model" />
    <MESSAGE value="22.4 Migrations" />
    <option name="LAST_COMMIT_MESSAGE" value="22.4 Migrations" />
  </component>
  <component name="WindowStateProjectService">
    <state x="444" y="427" key="#MPSPropertiesConfigurable" timestamp="1687894645457">
      <screen x="0" y="0" width="2560" height="1392" />
    </state>
    <state x="444" y="427" key="#MPSPropertiesConfigurable/0.0.2560.1392/2560.0.2560.1392@0.0.2560.1392" timestamp="1687894645457" />
    <state x="3004" y="429" key="#MPSPropertiesConfigurable/0.0.2560.1400/2560.0.2560.1400@2560.0.2560.1400" timestamp="1679436793979" />
    <state x="980" y="600" width="659" height="252" key="#jetbrains.mps.vcs.mergedriver.MergeDriverOptionDialog" timestamp="1679428124979">
      <screen x="0" y="0" width="2560" height="1400" />
    </state>
    <state x="980" y="600" width="659" height="252" key="#jetbrains.mps.vcs.mergedriver.MergeDriverOptionDialog/0.0.2560.1400/2560.0.2560.1400@0.0.2560.1400" timestamp="1679428124979" />
    <state x="456" y="0" key="CommitChangelistDialog2" timestamp="1688057596383">
      <screen x="0" y="0" width="2560" height="1392" />
    </state>
    <state x="456" y="0" key="CommitChangelistDialog2/0.0.2560.1392/2560.0.2560.1392@0.0.2560.1392" timestamp="1688057596383" />
    <state x="456" y="17" key="CommitChangelistDialog2/0.0.2560.1400/2560.0.2560.1400@0.0.2560.1400" timestamp="1679426619940" />
    <state x="248" y="121" key="DiffContextDialog" timestamp="1684869405981">
      <screen x="0" y="0" width="2560" height="1392" />
    </state>
    <state x="248" y="121" key="DiffContextDialog/0.0.2560.1392/2560.0.2560.1392@0.0.2560.1392" timestamp="1684869405981" />
    <state x="891" y="229" key="FileChooserDialogImpl" timestamp="1684871641498">
      <screen x="0" y="0" width="2560" height="1392" />
    </state>
    <state x="891" y="229" key="FileChooserDialogImpl/0.0.2560.1392/2560.0.2560.1392@0.0.2560.1392" timestamp="1684871641498" />
    <state x="891" y="230" key="FileChooserDialogImpl/0.0.2560.1400/2560.0.2560.1400@0.0.2560.1400" timestamp="1681735056743" />
    <state x="3451" y="230" key="FileChooserDialogImpl/0.0.2560.1400/2560.0.2560.1400@2560.0.2560.1400" timestamp="1679588800072" />
    <state x="360" y="144" key="IDE.errors.dialog" timestamp="1684864696343">
      <screen x="0" y="0" width="2560" height="1392" />
    </state>
    <state x="360" y="144" key="IDE.errors.dialog/0.0.2560.1392/2560.0.2560.1392@0.0.2560.1392" timestamp="1684864696343" />
    <state x="3169" y="143" key="RollbackChangesDialog" timestamp="1688052956336">
      <screen x="2560" y="0" width="2560" height="1392" />
    </state>
    <state x="609" y="143" key="RollbackChangesDialog/0.0.2560.1392/2560.0.2560.1392@0.0.2560.1392" timestamp="1687543683006" />
    <state x="3169" y="143" key="RollbackChangesDialog/0.0.2560.1392/2560.0.2560.1392@2560.0.2560.1392" timestamp="1688052956336" />
    <state x="609" y="144" key="RollbackChangesDialog/0.0.2560.1400/2560.0.2560.1400@0.0.2560.1400" timestamp="1682439008342" />
    <state x="2867" y="0" key="SettingsEditor" timestamp="1686171483343">
      <screen x="2560" y="0" width="2560" height="1392" />
    </state>
    <state x="307" y="0" key="SettingsEditor/0.0.2560.1392/2560.0.2560.1392@0.0.2560.1392" timestamp="1682969039852" />
    <state x="2867" y="0" key="SettingsEditor/0.0.2560.1392/2560.0.2560.1392@2560.0.2560.1392" timestamp="1686171483343" />
    <state x="307" y="0" key="SettingsEditor/0.0.2560.1400/2560.0.2560.1400@0.0.2560.1400" timestamp="1679428797381" />
    <state x="2867" y="0" key="SettingsEditor/0.0.2560.1400/2560.0.2560.1400@2560.0.2560.1400" timestamp="1680534470505" />
    <state x="472" y="156" key="Vcs.Push.Dialog.v2" timestamp="1679426584014">
      <screen x="0" y="0" width="2560" height="1400" />
    </state>
    <state x="472" y="156" key="Vcs.Push.Dialog.v2/0.0.2560.1400/2560.0.2560.1400@0.0.2560.1400" timestamp="1679426584014" />
    <state x="907" y="541" key="com.intellij.openapi.vcs.update.UpdateOrStatusOptionsDialogupdate-v2" timestamp="1679428143471">
      <screen x="0" y="0" width="2560" height="1400" />
    </state>
    <state x="907" y="541" key="com.intellij.openapi.vcs.update.UpdateOrStatusOptionsDialogupdate-v2/0.0.2560.1400/2560.0.2560.1400@0.0.2560.1400" timestamp="1679428143471" />
    <state x="3598" y="451" key="jetbrains.mps.ide.ui.dialogs.properties.choosers.ChooserDialog" timestamp="1679436650266">
      <screen x="2560" y="0" width="2560" height="1400" />
    </state>
    <state x="3598" y="451" key="jetbrains.mps.ide.ui.dialogs.properties.choosers.ChooserDialog/0.0.2560.1400/2560.0.2560.1400@2560.0.2560.1400" timestamp="1679436650266" />
    <state x="3263" y="455" width="1233" height="554" key="jetbrains.mps.workbench.dialogs.project.properties.project.ProjectPropertiesDialog" timestamp="1679436797405">
      <screen x="2560" y="0" width="2560" height="1400" />
    </state>
    <state x="3263" y="455" width="1233" height="554" key="jetbrains.mps.workbench.dialogs.project.properties.project.ProjectPropertiesDialog/0.0.2560.1400/2560.0.2560.1400@2560.0.2560.1400" timestamp="1679436797405" />
    <state x="524" y="533" width="1904" height="545" key="mps.find.text.popup" timestamp="1682092022419">
      <screen x="0" y="0" width="2560" height="1400" />
    </state>
    <state x="524" y="533" width="1904" height="545" key="mps.find.text.popup/0.0.2560.1400/2560.0.2560.1400@0.0.2560.1400" timestamp="1682092022419" />
    <state x="606" y="0" width="1344" height="1396" key="search.everywhere.popup" timestamp="1682091409434">
      <screen x="0" y="0" width="2560" height="1400" />
    </state>
    <state x="606" y="0" width="1344" height="1396" key="search.everywhere.popup/0.0.2560.1400/2560.0.2560.1400@0.0.2560.1400" timestamp="1682091409434" />
    <state x="3166" y="0" width="1344" height="1396" key="search.everywhere.popup/0.0.2560.1400/2560.0.2560.1400@2560.0.2560.1400" timestamp="1680534422823" />
  </component>
</project>