<?xml version="1.0" encoding="UTF-8"?>
<project version="4">
  <component name="BookmarksTool">
    <option name="myTreeState">
      <TreeState />
    </option>
  </component>
  <component name="ChangeListManager">
    <list default="true" id="b671d84c-3057-455e-a3ef-ad5c4910223e" name="Default Changelist" comment="22.4 Migrations">
      <change beforePath="$PROJECT_DIR$/ISO21434/models/MethodConfiguration.mps" beforeDir="false" afterPath="$PROJECT_DIR$/ISO21434/models/MethodConfiguration.mps" afterDir="false" />
    </list>
    <option name="SHOW_DIALOG" value="false" />
    <option name="HIGHLIGHT_CONFLICTS" value="true" />
    <option name="HIGHLIGHT_NON_ACTIVE_CHANGELIST" value="false" />
    <option name="LAST_RESOLUTION" value="IGNORE" />
  </component>
  <component name="ConceptEditorHintSettings">
    <option name="enabledHints">
      <set>
        <option value="com.moraad.core.editor.SecurityAnalystEditorHints_Main.secAnalyst" />
        <option value="de.itemis.mps.editor.freetext.editor.FT_EditorHints.nonEditingMode" />
        <option value="de.itemis.mps.todos.editor.Show Todos.show_todos" />
        <option value="de.slisson.mps.conditionalEditor.hints.editor.conditionalEditorHints.conditionalEditor" />
        <option value="de.slisson.mps.conditionalEditor.hints.editor.conditionalEditorHints.conditionalEditor_doNotUseThisHint" />
      </set>
    </option>
  </component>
  <component name="ConsoleHistory">
    <option name="tabs">
      <list>
        <TabState>
          <option name="title" value="Console" />
          <tab>
            <model ref="b99728ae-b264-45bc-bb26-d8a2ae493ef6/r:fa6069c7-39e8-4109-93be-e558939a9b87(TempModuleb99728ae-b264-45bc-bb26-d8a2ae493ef6/ConsoleModel_236932461037700)">
              <persistence version="9" />
              <languages>
                <devkit ref="70d3d6da-af63-483d-a75f-9c8acf8de332(jetbrains.mps.console.devkit)" />
              </languages>
              <imports>
                <import index="tpck" ref="r:00000000-0000-4000-0000-011c89590288(jetbrains.mps.lang.core.structure)" implicit="true" />
              </imports>
              <registry>
                <language id="f3061a53-9226-4cc5-a443-f952ceaf5816" name="jetbrains.mps.baseLanguage">
                  <concept id="4836112446988635817" name="jetbrains.mps.baseLanguage.structure.UndefinedType" flags="in" index="2jxLKc" />
                  <concept id="1197027756228" name="jetbrains.mps.baseLanguage.structure.DotExpression" flags="nn" index="2OqwBi">
                    <child id="1197027771414" name="operand" index="2Oq$k0" />
                    <child id="1197027833540" name="operation" index="2OqNvi" />
                  </concept>
                  <concept id="4972933694980447171" name="jetbrains.mps.baseLanguage.structure.BaseVariableDeclaration" flags="ng" index="19Szcq">
                    <child id="5680397130376446158" name="type" index="1tU5fm" />
                  </concept>
                  <concept id="1068580123155" name="jetbrains.mps.baseLanguage.structure.ExpressionStatement" flags="nn" index="3clFbF">
                    <child id="1068580123156" name="expression" index="3clFbG" />
                  </concept>
                  <concept id="1068580123136" name="jetbrains.mps.baseLanguage.structure.StatementList" flags="sn" stub="5293379017992965193" index="3clFbS">
                    <child id="1068581517665" name="statement" index="3cqZAp" />
                  </concept>
                  <concept id="1068580123137" name="jetbrains.mps.baseLanguage.structure.BooleanConstant" flags="nn" index="3clFbT">
                    <property id="1068580123138" name="value" index="3clFbU" />
                  </concept>
                  <concept id="6329021646629104954" name="jetbrains.mps.baseLanguage.structure.SingleLineComment" flags="nn" index="3SKdUt">
                    <child id="1350122676458893092" name="text" index="3ndbpf" />
                  </concept>
                </language>
                <language id="fd392034-7849-419d-9071-12563d152375" name="jetbrains.mps.baseLanguage.closures">
                  <concept id="1199569711397" name="jetbrains.mps.baseLanguage.closures.structure.ClosureLiteral" flags="nn" index="1bVj0M">
                    <property id="890797661671409019" name="forceMultiLine" index="3yWfEV" />
                    <child id="1199569906740" name="parameter" index="1bW2Oz" />
                    <child id="1199569916463" name="body" index="1bW5cS" />
                  </concept>
                </language>
                <language id="f26691d2-0def-4c06-aec6-2cb90c4af0a4" name="jetbrains.mps.console.scripts">
                  <concept id="2377091791517030718" name="jetbrains.mps.console.scripts.structure.RefactorOperation" flags="ng" index="3R8V_t" />
                </language>
                <language id="7866978e-a0f0-4cc7-81bc-4d213d9375e1" name="jetbrains.mps.lang.smodel">
                  <concept id="1177026924588" name="jetbrains.mps.lang.smodel.structure.RefConcept_Reference" flags="nn" index="chp4Y">
                    <reference id="1177026940964" name="conceptDeclaration" index="cht4Q" />
                  </concept>
                </language>
                <language id="ceab5195-25ea-4f22-9b92-103b95ca8c0c" name="jetbrains.mps.lang.core">
                  <concept id="1169194658468" name="jetbrains.mps.lang.core.structure.INamedConcept" flags="ng" index="TrEIO">
                    <property id="1169194664001" name="name" index="TrG5h" />
                  </concept>
                </language>
                <language id="c7fb639f-be78-4307-89b0-b5959c3fa8c8" name="jetbrains.mps.lang.text">
                  <concept id="155656958578482948" name="jetbrains.mps.lang.text.structure.Word" flags="ng" index="3oM_SD">
                    <property id="155656958578482949" name="value" index="3oM_SC" />
                  </concept>
                  <concept id="2535923850359271782" name="jetbrains.mps.lang.text.structure.Line" flags="ng" index="1PaTwC">
                    <child id="2535923850359271783" name="elements" index="1PaTwD" />
                  </concept>
                </language>
                <language id="1a8554c4-eb84-43ba-8c34-6f0d90c6e75a" name="jetbrains.mps.lang.smodel.query">
                  <concept id="2362304834939062179" name="jetbrains.mps.lang.smodel.query.structure.QueryParameterScope" flags="ng" index="psT0o">
                    <child id="2362304834939062180" name="value" index="psT0v" />
                  </concept>
                  <concept id="7738379549910147341" name="jetbrains.mps.lang.smodel.query.structure.InstancesExpression" flags="ng" index="qVDSY">
                    <child id="7738379549910147342" name="conceptArg" index="qVDSX" />
                  </concept>
                  <concept id="4307205004131544317" name="jetbrains.mps.lang.smodel.query.structure.QueryExpression" flags="ng" index="1dNuzs">
                    <child id="4307205004132279624" name="parameter" index="1dOa5D" />
                  </concept>
                  <concept id="4307205004132277753" name="jetbrains.mps.lang.smodel.query.structure.QueryParameterList" flags="ng" index="1dO9Bo">
                    <child id="4307205004141421222" name="parameter" index="1dp2q7" />
                  </concept>
                </language>
                <language id="83888646-71ce-4f1c-9c53-c54016f6ad4f" name="jetbrains.mps.baseLanguage.collections">
                  <concept id="1204796164442" name="jetbrains.mps.baseLanguage.collections.structure.InternalSequenceOperation" flags="nn" index="23sCx2">
                    <child id="1204796294226" name="closure" index="23t8la" />
                  </concept>
                  <concept id="1203518072036" name="jetbrains.mps.baseLanguage.collections.structure.SmartClosureParameterDeclaration" flags="ig" index="Rh6nW" />
                  <concept id="1202120902084" name="jetbrains.mps.baseLanguage.collections.structure.WhereOperation" flags="nn" index="3zZkjj" />
                </language>
                <language id="de1ad86d-6e50-4a02-b306-d4d17f64c375" name="jetbrains.mps.console.base">
                  <concept id="1583916890557930028" name="jetbrains.mps.console.base.structure.ConsoleRoot" flags="ng" index="aymSD">
                    <child id="1583916890557930415" name="history" index="aymYE" />
                    <child id="1583916890557930417" name="commandHolder" index="aymYO" />
                    <child id="9025248442620242919" name="cursor" index="1PhJh3" />
                  </concept>
                  <concept id="7656298970878093785" name="jetbrains.mps.console.base.structure.BLExpression" flags="ng" index="f80E0">
                    <child id="7656298970878093890" name="expression" index="f80$r" />
                  </concept>
                  <concept id="2362304834941189298" name="jetbrains.mps.console.base.structure.ProjectEditableScope" flags="ng" index="p4YG9" />
                  <concept id="5758176878586720817" name="jetbrains.mps.console.base.structure.CommandHolderRef" flags="ng" index="2_V_lH">
                    <reference id="5758176878586720818" name="target" index="2_V_lI" />
                  </concept>
                  <concept id="351968380916615243" name="jetbrains.mps.console.base.structure.CommandHolder" flags="ng" index="2Clz$F">
                    <child id="351968380916615460" name="command" index="2Clzx4" />
                  </concept>
                  <concept id="757553790980850366" name="jetbrains.mps.console.base.structure.History" flags="ng" index="3balQm" />
                </language>
              </registry>
              <node concept="aymSD" id="hXlGB4yzOz">
                <node concept="3balQm" id="hXlGB4yzO$" role="aymYE" />
                <node concept="2Clz$F" id="hXlGB4yzO_" role="aymYO">
                  <node concept="f80E0" id="hXlGB4yFen" role="2Clzx4">
                    <node concept="2OqwBi" id="hXlGB4yFeo" role="f80$r">
                      <node concept="2OqwBi" id="hXlGB4yFep" role="2Oq$k0">
                        <node concept="qVDSY" id="hXlGB4yFeq" role="2Oq$k0">
                          <node concept="chp4Y" id="hXlGB4yFer" role="qVDSX">
                            <ref role="cht4Q" to="tpck:gw2VY9q" resolve="BaseConcept" />
                          </node>
                          <node concept="1dO9Bo" id="hXlGB4yFes" role="1dOa5D">
                            <node concept="psT0o" id="hXlGB4yFet" role="1dp2q7">
                              <node concept="p4YG9" id="hXlGB4yFeu" role="psT0v" />
                            </node>
                          </node>
                        </node>
                        <node concept="3zZkjj" id="hXlGB4yFev" role="2OqNvi">
                          <node concept="1bVj0M" id="hXlGB4yFew" role="23t8la">
                            <property role="3yWfEV" value="true" />
                            <node concept="3clFbS" id="hXlGB4yFex" role="1bW5cS">
                              <node concept="3SKdUt" id="hXlGB4yFey" role="3cqZAp">
                                <node concept="1PaTwC" id="hXlGB4yFez" role="3ndbpf">
                                  <node concept="3oM_SD" id="hXlGB4yFe$" role="1PaTwD">
                                    <property role="3oM_SC" value="TODO" />
                                  </node>
                                  <node concept="3oM_SD" id="hXlGB4yFe_" role="1PaTwD">
                                    <property role="3oM_SC" value="specify" />
                                  </node>
                                  <node concept="3oM_SD" id="hXlGB4yFeA" role="1PaTwD">
                                    <property role="3oM_SC" value="condition" />
                                  </node>
                                </node>
                              </node>
                              <node concept="3clFbF" id="hXlGB4yFeB" role="3cqZAp">
                                <node concept="3clFbT" id="hXlGB4yFeC" role="3clFbG">
                                  <property role="3clFbU" value="true" />
                                </node>
                              </node>
                            </node>
                            <node concept="Rh6nW" id="hXlGB4yFeD" role="1bW2Oz">
                              <property role="TrG5h" value="node" />
                              <node concept="2jxLKc" id="hXlGB4yFeE" role="1tU5fm" />
                            </node>
                          </node>
                        </node>
                      </node>
                      <node concept="3R8V_t" id="hXlGB4yFeF" role="2OqNvi">
                        <node concept="1bVj0M" id="hXlGB4yFeG" role="23t8la">
                          <property role="3yWfEV" value="true" />
                          <node concept="3clFbS" id="hXlGB4yFeH" role="1bW5cS">
                            <node concept="3SKdUt" id="hXlGB4yFeI" role="3cqZAp">
                              <node concept="1PaTwC" id="hXlGB4yFeJ" role="3ndbpf">
                                <node concept="3oM_SD" id="hXlGB4yFeK" role="1PaTwD">
                                  <property role="3oM_SC" value="TODO" />
                                </node>
                                <node concept="3oM_SD" id="hXlGB4yFeL" role="1PaTwD">
                                  <property role="3oM_SC" value="specify" />
                                </node>
                                <node concept="3oM_SD" id="hXlGB4yFeM" role="1PaTwD">
                                  <property role="3oM_SC" value="action" />
                                </node>
                              </node>
                            </node>
                          </node>
                          <node concept="Rh6nW" id="hXlGB4yFeN" role="1bW2Oz">
                            <property role="TrG5h" value="node" />
                            <node concept="2jxLKc" id="hXlGB4yFeO" role="1tU5fm" />
                          </node>
                        </node>
                      </node>
                    </node>
                  </node>
                </node>
                <node concept="2_V_lH" id="hXlGB4yzOA" role="1PhJh3">
                  <ref role="2_V_lI" node="hXlGB4yzO_" resolve="CommandHolder" />
                </node>
              </node>
            </model>
          </tab>
        </TabState>
      </list>
    </option>
  </component>
  <component name="DefaultSearchOptions3">
    <search_options>
      <finders>
        <finders />
      </finders>
      <scope>
        <scope_type scope_type="PROJECT" module="&lt;default&gt;" model="&lt;default&gt;" />
      </scope>
      <view>
        <flags show_one_result="true" new_tab="false" />
      </view>
    </search_options>
  </component>
  <component name="Git.Settings">
    <option name="RECENT_GIT_ROOT_PATH" value="$PROJECT_DIR$" />
    <option name="UPDATE_TYPE" value="MERGE" />
  </component>
  <component name="GithubPullRequestsUISettings">
    <option name="hiddenUrls">
      <set>
        <option value="https://github.com/mmoseritemis/InfotainmentSystem.git" />
      </set>
    </option>
  </component>
  <component name="MPSBookmarkManager">
    <option name="myBookmarkInfos">
      <array>
        <BookmarkInfo />
        <BookmarkInfo />
        <BookmarkInfo />
        <BookmarkInfo />
        <BookmarkInfo />
        <BookmarkInfo />
        <BookmarkInfo />
        <BookmarkInfo />
        <BookmarkInfo />
        <BookmarkInfo />
      </array>
    </option>
  </component>
  <component name="MessagesViewTool">
    <option name="defaultListState">
      <MessageListState>
        <option name="autoscrollToSource" value="true" />
        <option name="info" value="true" />
        <option name="warnings" value="true" />
      </MessageListState>
    </option>
  </component>
  <component name="ProjectId" id="2MnBl4hKJBzLQysFEbD4W2Ng630" />
  <component name="ProjectPluginManager">
    <option name="pluginsState">
      <option name="com.mbeddr.core.base.pluginSolution.plugin.PluginSolution_ProjectPlugin">
        <value>
          <PluginState />
        </value>
      </option>
      <option name="com.mbeddr.doc.aspect.ui.plugin.Ui_ProjectPlugin">
        <value>
          <PluginState />
        </value>
      </option>
      <option name="com.mbeddr.doc.pluginSolution.plugin.PluginSolution_ProjectPlugin">
        <value>
          <PluginState />
        </value>
      </option>
      <option name="com.mbeddr.mpsutil.asynccell.plugin.Asynccell_ProjectPlugin">
        <value>
          <PluginState />
        </value>
      </option>
      <option name="com.mbeddr.mpsutil.contextactions.runtime.plugin.Runtime_ProjectPlugin">
        <value>
          <PluginState />
        </value>
      </option>
      <option name="com.mbeddr.mpsutil.editingGuide.execution.plugin.Execution_ProjectPlugin">
        <value>
          <PluginState />
        </value>
      </option>
      <option name="com.mbeddr.mpsutil.graphstream.runtime.plugin.Runtime_ProjectPlugin">
        <value>
          <PluginState />
        </value>
      </option>
      <option name="com.mbeddr.mpsutil.hyperlink.plugin.Hyperlink_ProjectPlugin">
        <value>
          <PluginState />
        </value>
      </option>
      <option name="com.mbeddr.mpsutil.intentions.runtime.plugin.Runtime_ProjectPlugin">
        <value>
          <PluginState />
        </value>
      </option>
      <option name="com.mbeddr.mpsutil.jfreechart.runtime.plugin.Runtime_ProjectPlugin">
        <value>
          <PluginState />
        </value>
      </option>
      <option name="com.mbeddr.mpsutil.jung.pluginSolution.plugin.PluginSolution_ProjectPlugin">
        <value>
          <PluginState />
        </value>
      </option>
      <option name="com.mbeddr.mpsutil.plantuml.pluginSolution.plugin.PluginSolution_ProjectPlugin">
        <value>
          <PluginState />
        </value>
      </option>
      <option name="com.mbeddr.mpsutil.projectview.runtime.plugin.Runtime_ProjectPlugin">
        <value>
          <PluginState />
        </value>
      </option>
      <option name="com.mbeddr.mpsutil.projectview.vcs.plugin.Vcs_ProjectPlugin">
        <value>
          <PluginState />
        </value>
      </option>
      <option name="com.mbeddr.mpsutil.traceExplorer.plugin.TraceExplorer_ProjectPlugin">
        <value>
          <PluginState />
        </value>
      </option>
      <option name="com.mbeddr.mpsutil.userstyles.runtime.plugin.Runtime_ProjectPlugin">
        <value>
          <PluginState />
        </value>
      </option>
      <option name="com.moraad.application.plugin.Application_ProjectPlugin">
        <value>
          <PluginState />
        </value>
      </option>
      <option name="com.moraad.ide.preferences.plugin.Preferences_ProjectPlugin">
        <value>
          <PluginState>
            <option name="myComponentsState">
              <list>
                <ComponentState>
                  <option name="first" value="com.moraad.ide.preferences.plugin.PreferenceStorage_PreferencesComponent" />
                  <params>
                    <option name="preferenceModel">
                      <PreferenceModel>
                        <option name="importDialogFolderPath" />
                        <option name="ColorDamageScenario" value="E4F2F7" />
                        <option name="ColorSecGoal" value="CCF2FF" />
                        <option name="ColorThreatScenario" value="CCF2FF" />
                        <option name="ColorThreat" value="FFEBCC" />
                        <option name="ColorControl" value="DCFFCC" />
                        <option name="ColorAssumption" value="CBD4C7" />
                        <option name="ColorRisk" value="FFFFAD" />
                        <option name="ShowHelpNotice" value="false" />
                        <option name="showLicenseExpiratioNotice" value="true" />
                        <option name="CountPathsInGraphing" value="false" />
                        <option name="DontBuildIfMorePathsThan" value="1500000" />
                        <option name="DisableAEDTPathOptimization" value="false" />
                        <option name="ImportDialogFolder" />
                        <option name="ExcelImportServiceURL" />
                        <option name="IPPDebuggerEnabled" value="false" />
                        <option name="ThreatCatalogEndpoint" />
                        <option name="RLCalculationAlways" value="true" />
                        <option name="reduceImpactPropagationPaths" value="false" />
                      </PreferenceModel>
                    </option>
                  </params>
                </ComponentState>
              </list>
            </option>
          </PluginState>
        </value>
      </option>
      <option name="de.itemis.mps.editor.celllayout.runtime.plugin.Runtime_ProjectPlugin">
        <value>
          <PluginState />
        </value>
      </option>
      <option name="de.itemis.mps.editor.rapidfx.runtime.plugin.Runtime_ProjectPlugin">
        <value>
          <PluginState />
        </value>
      </option>
      <option name="de.itemis.mps.mouselistener.runtime.plugin.Runtime_ProjectPlugin">
        <value>
          <PluginState />
        </value>
      </option>
      <option name="de.itemis.mps.selection.runtime.plugin.Runtime_ProjectPlugin">
        <value>
          <PluginState />
        </value>
      </option>
      <option name="de.itemis.mps.tooltips.runtime.plugin.Runtime_ProjectPlugin">
        <value>
          <PluginState />
        </value>
      </option>
      <option name="de.slisson.mps.conditionalEditor.runtime.plugin.Runtime_ProjectPlugin">
        <value>
          <PluginState />
        </value>
      </option>
      <option name="jetbrains.mps.baseLanguage.lightweightdsl.pluginSolution.plugin.PluginSolution_ProjectPlugin">
        <value>
          <PluginState />
        </value>
      </option>
      <option name="jetbrains.mps.editor.contextActionsTool.pluginSolution.plugin.PluginSolution_ProjectPlugin">
        <value>
          <PluginState />
        </value>
      </option>
      <option name="jetbrains.mps.ide.actions.Ide_ProjectPlugin">
        <value>
          <PluginState>
            <option name="myComponentsState">
              <list>
                <ComponentState>
                  <option name="first" value="jetbrains.mps.ide.actions.BehaviorDialogsPersistentOptions_PreferencesComponent" />
                  <params>
                    <option name="addReturnsOnImplement" value="false" />
                    <option name="sortAlphabetically" value="false" />
                    <option name="removeAttributes" value="true" />
                  </params>
                </ComponentState>
              </list>
            </option>
          </PluginState>
        </value>
      </option>
      <option name="jetbrains.mps.ide.devkit.actions.Mpsdevkit_ProjectPlugin">
        <value>
          <PluginState />
        </value>
      </option>
      <option name="jetbrains.mps.ide.make.actions.Make_ProjectPlugin">
        <value>
          <PluginState />
        </value>
      </option>
      <option name="jetbrains.mps.vcs.mergehints.plugin.plugin.Plugin_ProjectPlugin">
        <value>
          <PluginState />
        </value>
      </option>
    </option>
  </component>
  <component name="ProjectView">
    <navigator currentView="CustomProjectView_com.moraad.application.plugin.SecA Project Explorer" proportions="" version="1" />
    <panes>
      <pane id="ProjectPane">
        <subPane>
          <SELECTED />
        </subPane>
      </pane>
      <pane id="CustomProjectView_com.moraad.application.plugin.SecA Project Explorer">
        <subPane>
          <PATH>
            <PATH_ELEMENT>
              <option name="myItemId" value="com.moraad.application.plugin.SecA Project Explorer#project#InfotainmentFeature" />
              <option name="myItemType" value="" />
            </PATH_ELEMENT>
          </PATH>
          <PATH>
            <PATH_ELEMENT>
              <option name="myItemId" value="com.moraad.application.plugin.SecA Project Explorer#project#InfotainmentFeature" />
              <option name="myItemType" value="" />
            </PATH_ELEMENT>
            <PATH_ELEMENT>
              <option name="myItemId" value="com.moraad.application.plugin.SecA Project Explorer#lonelyModel#Infotainment_Firmware_Update_Feature" />
              <option name="myItemType" value="" />
            </PATH_ELEMENT>
          </PATH>
          <PATH>
            <PATH_ELEMENT>
              <option name="myItemId" value="com.moraad.application.plugin.SecA Project Explorer#project#InfotainmentFeature" />
              <option name="myItemType" value="" />
            </PATH_ELEMENT>
            <PATH_ELEMENT>
              <option name="myItemId" value="com.moraad.application.plugin.SecA Project Explorer#lonelyModel#Infotainment_Firmware_Update_Feature" />
              <option name="myItemType" value="" />
            </PATH_ELEMENT>
            <PATH_ELEMENT>
              <option name="myItemId" value="Item Definition" />
              <option name="myItemType" value="" />
            </PATH_ELEMENT>
          </PATH>
          <SELECTED>
            <PATH_ELEMENT>
              <option name="myItemId" value="com.moraad.application.plugin.SecA Project Explorer#project#InfotainmentFeature" />
              <option name="myItemType" value="" />
            </PATH_ELEMENT>
            <PATH_ELEMENT>
              <option name="myItemId" value="com.moraad.application.plugin.SecA Project Explorer#lonelyModel#Infotainment_Firmware_Update_Feature" />
              <option name="myItemType" value="" />
            </PATH_ELEMENT>
            <PATH_ELEMENT>
              <option name="myItemId" value="Item Definition" />
              <option name="myItemType" value="" />
            </PATH_ELEMENT>
            <PATH_ELEMENT>
              <option name="myItemId" value="com.moraad.application.plugin.SecA Project Explorer#projectTreeContent#System Diagram" />
              <option name="myItemType" value="" />
            </PATH_ELEMENT>
          </SELECTED>
        </subPane>
      </pane>
      <pane id="CustomProjectView_com.moraad.application.plugin.SecA Project Explorer">
        <subPane />
      </pane>
    </panes>
  </component>
  <component name="ProjectViewState">
    <option name="hideEmptyMiddlePackages" value="true" />
    <option name="showExcludedFiles" value="true" />
    <option name="showLibraryContents" value="true" />
  </component>
  <component name="PropertiesComponent">
    <property name="RunOnceActivity.ShowReadmeOnStart" value="true" />
    <property name="last_opened_file_path" value="$USER_HOME$/MPSProjects/LKAS" />
    <property name="settings.editor.selected.configurable" value="vcs.Git" />
  </component>
  <component name="SvnConfiguration">
    <configuration>C:\Users\mattm\AppData\Roaming\Subversion</configuration>
  </component>
  <component name="TaskManager">
    <task active="true" id="Default" summary="Default task">
      <changelist id="b671d84c-3057-455e-a3ef-ad5c4910223e" name="Default Changelist" comment="" />
      <created>1678393613612</created>
      <option name="number" value="Default" />
      <option name="presentableId" value="Default" />
      <updated>1678393613612</updated>
    </task>
    <task id="LOCAL-00001" summary="22.4 Migrations">
      <created>1679426581016</created>
      <option name="number" value="00001" />
      <option name="presentableId" value="LOCAL-00001" />
      <option name="project" value="LOCAL" />
      <updated>1679426581016</updated>
    </task>
    <task id="LOCAL-00002" summary="22.4 Migrations">
      <created>1679426620327</created>
      <option name="number" value="00002" />
      <option name="presentableId" value="LOCAL-00002" />
      <option name="project" value="LOCAL" />
      <updated>1679426620327</updated>
    </task>
    <option name="localTasksCounter" value="3" />
    <servers />
  </component>
  <component name="UsagesViewTool">
    <version id="1" />
    <tabs>
      <tab>
        <usage_view>
          <tree_wrapper>
            <view_options>
              <options category_option="false" module_option="true" model_option="true" root_option="true" path_option="false" count_option="true" info_option="true" view_searched_nodes_option="true" group_searched_nodes_option="true" autoscroll_option="false" />
            </view_options>
            <contents caption="" excluded="false" isresult="false" results_section="false">
              <role name="main root" />
              <child caption="Searched nodes" excluded="false" isresult="false" results_section="false">
                <instance qcn="jetbrains.mps.ide.findusages.view.treeholder.tree.nodedatatypes.SearchedNodesNodeData" />
                <role name="searched nodes" />
              </child>
              <child caption="Usages" excluded="false" isresult="false" results_section="true">
                <instance qcn="jetbrains.mps.ide.findusages.view.treeholder.tree.nodedatatypes.ResultsNodeData" />
                <role name="results" />
                <child caption="Node Usages" excluded="false" isresult="false" results_section="true" category="Node Usages" category_kind="Category">
                  <instance qcn="jetbrains.mps.ide.findusages.view.treeholder.tree.nodedatatypes.CategoryNodeData" />
                  <role name="category:Category" />
                  <child caption="Infotainment_Firmware_Update_Feature" excluded="false" isresult="false" results_section="true" module_ref="861848fa-2d65-46bd-a597-a4131d7dbe5a(Infotainment_Firmware_Update_Feature)">
                    <instance qcn="jetbrains.mps.ide.findusages.view.treeholder.tree.nodedatatypes.ModuleNodeData" />
                    <role name="module" />
                    <child caption="Infotainment_Firmware_Update_Feature" excluded="false" isresult="false" results_section="true">
                      <instance qcn="jetbrains.mps.ide.findusages.view.treeholder.tree.nodedatatypes.ModelNodeData" />
                      <role name="model" />
                      <child caption="Channels" info="" excluded="false" isresult="false" results_section="true" nodePtr="r:6b7672de-8b71-4266-a291-90689a64256c(Infotainment_Firmware_Update_Feature)/5759622431315019177" isRoot="true">
                        <instance qcn="jetbrains.mps.ide.findusages.view.treeholder.tree.nodedatatypes.NodeNodeData" />
                        <role name="root" />
                        <child caption="Ch.24: null, null [-]" info="(role: elements in: Channels)" excluded="false" isresult="false" results_section="true" nodePtr="r:6b7672de-8b71-4266-a291-90689a64256c(Infotainment_Firmware_Update_Feature)/2094716512137517908">
                          <instance qcn="jetbrains.mps.ide.findusages.view.treeholder.tree.nodedatatypes.NodeNodeData" />
                          <role name="root to target" />
                          <child caption="&lt;no target&gt;" info="(role: endPoints in: Ch.24: null, null [-])" excluded="false" isresult="true" results_section="true" nodePtr="r:6b7672de-8b71-4266-a291-90689a64256c(Infotainment_Firmware_Update_Feature)/2094716512137517911">
                            <instance qcn="jetbrains.mps.ide.findusages.view.treeholder.tree.nodedatatypes.NodeNodeData" />
                            <role name="target" />
                          </child>
                        </child>
                      </child>
                      <model uid="r:6b7672de-8b71-4266-a291-90689a64256c(Infotainment_Firmware_Update_Feature)" />
                    </child>
                  </child>
                </child>
              </child>
            </contents>
          </tree_wrapper>
        </usage_view>
      </tab>
    </tabs>
    <default_view_options>
      <options category_option="false" module_option="true" model_option="true" root_option="true" path_option="false" count_option="true" info_option="true" view_searched_nodes_option="true" group_searched_nodes_option="true" autoscroll_option="false" />
    </default_view_options>
  </component>
  <component name="Vcs.Log.Tabs.Properties">
    <option name="TAB_STATES">
      <map>
        <entry key="MAIN">
          <value>
            <State>
              <option name="COLUMN_ORDER" />
            </State>
          </value>
        </entry>
      </map>
    </option>
  </component>
  <component name="VcsManagerConfiguration">
    <MESSAGE value="22.4 Migrations" />
    <option name="LAST_COMMIT_MESSAGE" value="22.4 Migrations" />
  </component>
  <component name="WindowStateProjectService">
    <state x="444" y="427" key="#MPSPropertiesConfigurable" timestamp="1683648941520">
      <screen x="0" y="0" width="2560" height="1392" />
    </state>
    <state x="444" y="427" key="#MPSPropertiesConfigurable/0.0.2560.1392/2560.0.2560.1392@0.0.2560.1392" timestamp="1683648941520" />
    <state x="3004" y="429" key="#MPSPropertiesConfigurable/0.0.2560.1400/2560.0.2560.1400@2560.0.2560.1400" timestamp="1679436793979" />
    <state x="1135" y="541" width="1188" height="610" key="#jetbrains.mps.ide.migration.MigrationAssistantWizard" timestamp="1678393629608">
      <screen x="0" y="0" width="2560" height="1400" />
    </state>
    <state x="1135" y="541" width="1188" height="610" key="#jetbrains.mps.ide.migration.MigrationAssistantWizard/0.0.2560.1400/2560.0.2560.1400@0.0.2560.1400" timestamp="1678393629608" />
    <state x="980" y="600" width="659" height="252" key="#jetbrains.mps.vcs.mergedriver.MergeDriverOptionDialog" timestamp="1679428124979">
      <screen x="0" y="0" width="2560" height="1400" />
    </state>
    <state x="980" y="600" width="659" height="252" key="#jetbrains.mps.vcs.mergedriver.MergeDriverOptionDialog/0.0.2560.1400/2560.0.2560.1400@0.0.2560.1400" timestamp="1679428124979" />
    <state x="456" y="0" key="CommitChangelistDialog2" timestamp="1682970505663">
      <screen x="0" y="0" width="2560" height="1392" />
    </state>
    <state x="456" y="0" key="CommitChangelistDialog2/0.0.2560.1392/2560.0.2560.1392@0.0.2560.1392" timestamp="1682970505663" />
    <state x="456" y="17" key="CommitChangelistDialog2/0.0.2560.1400/2560.0.2560.1400@0.0.2560.1400" timestamp="1679426619940" />
    <state x="891" y="230" key="FileChooserDialogImpl" timestamp="1681735056743">
      <screen x="0" y="0" width="2560" height="1400" />
    </state>
    <state x="891" y="230" key="FileChooserDialogImpl/0.0.2560.1400/2560.0.2560.1400@0.0.2560.1400" timestamp="1681735056743" />
    <state x="3451" y="230" key="FileChooserDialogImpl/0.0.2560.1400/2560.0.2560.1400@2560.0.2560.1400" timestamp="1679588800072" />
    <state x="609" y="143" key="RollbackChangesDialog" timestamp="1683908311328">
      <screen x="0" y="0" width="2560" height="1392" />
    </state>
    <state x="609" y="143" key="RollbackChangesDialog/0.0.2560.1392/2560.0.2560.1392@0.0.2560.1392" timestamp="1683908311328" />
    <state x="3169" y="143" key="RollbackChangesDialog/0.0.2560.1392/2560.0.2560.1392@2560.0.2560.1392" timestamp="1683724244447" />
    <state x="609" y="144" key="RollbackChangesDialog/0.0.2560.1400/2560.0.2560.1400@0.0.2560.1400" timestamp="1682439008342" />
    <state x="307" y="0" key="SettingsEditor" timestamp="1682969039852">
      <screen x="0" y="0" width="2560" height="1392" />
    </state>
    <state x="307" y="0" key="SettingsEditor/0.0.2560.1392/2560.0.2560.1392@0.0.2560.1392" timestamp="1682969039852" />
    <state x="307" y="0" key="SettingsEditor/0.0.2560.1400/2560.0.2560.1400@0.0.2560.1400" timestamp="1679428797381" />
    <state x="2867" y="0" key="SettingsEditor/0.0.2560.1400/2560.0.2560.1400@2560.0.2560.1400" timestamp="1680534470505" />
    <state x="472" y="156" key="Vcs.Push.Dialog.v2" timestamp="1679426584014">
      <screen x="0" y="0" width="2560" height="1400" />
    </state>
    <state x="472" y="156" key="Vcs.Push.Dialog.v2/0.0.2560.1400/2560.0.2560.1400@0.0.2560.1400" timestamp="1679426584014" />
    <state x="907" y="541" key="com.intellij.openapi.vcs.update.UpdateOrStatusOptionsDialogupdate-v2" timestamp="1679428143471">
      <screen x="0" y="0" width="2560" height="1400" />
    </state>
    <state x="907" y="541" key="com.intellij.openapi.vcs.update.UpdateOrStatusOptionsDialogupdate-v2/0.0.2560.1400/2560.0.2560.1400@0.0.2560.1400" timestamp="1679428143471" />
    <state x="3598" y="451" key="jetbrains.mps.ide.ui.dialogs.properties.choosers.ChooserDialog" timestamp="1679436650266">
      <screen x="2560" y="0" width="2560" height="1400" />
    </state>
    <state x="3598" y="451" key="jetbrains.mps.ide.ui.dialogs.properties.choosers.ChooserDialog/0.0.2560.1400/2560.0.2560.1400@2560.0.2560.1400" timestamp="1679436650266" />
    <state x="3263" y="455" width="1233" height="554" key="jetbrains.mps.workbench.dialogs.project.properties.project.ProjectPropertiesDialog" timestamp="1679436797405">
      <screen x="2560" y="0" width="2560" height="1400" />
    </state>
    <state x="3263" y="455" width="1233" height="554" key="jetbrains.mps.workbench.dialogs.project.properties.project.ProjectPropertiesDialog/0.0.2560.1400/2560.0.2560.1400@2560.0.2560.1400" timestamp="1679436797405" />
    <state x="524" y="533" width="1904" height="545" key="mps.find.text.popup" timestamp="1682092022419">
      <screen x="0" y="0" width="2560" height="1400" />
    </state>
    <state x="524" y="533" width="1904" height="545" key="mps.find.text.popup/0.0.2560.1400/2560.0.2560.1400@0.0.2560.1400" timestamp="1682092022419" />
    <state x="606" y="0" width="1344" height="1396" key="search.everywhere.popup" timestamp="1682091409434">
      <screen x="0" y="0" width="2560" height="1400" />
    </state>
    <state x="606" y="0" width="1344" height="1396" key="search.everywhere.popup/0.0.2560.1400/2560.0.2560.1400@0.0.2560.1400" timestamp="1682091409434" />
    <state x="3166" y="0" width="1344" height="1396" key="search.everywhere.popup/0.0.2560.1400/2560.0.2560.1400@2560.0.2560.1400" timestamp="1680534422823" />
  </component>
</project>